{
  "esbuild-yaml-plugin.mjs": 1776639443.5532398,
  "jest.config.js": 1776639443.5537498,
  "eslint.config.ts": 1776693605.104873,
  "esbuild.config.mjs": 1776639443.5535011,
  "version-bump.mjs": 1767355631.0,
  "src/main.ts": 1777131892.5656984,
  "src/JWLibraryLinkerSettings.ts": 1777130590.7682416,
  "src/BibleReferenceSuggester.ts": 1776253032.014613,
  "src/electron.d.ts": 1776639443.5583632,
  "src/types.ts": 1777224766.2903385,
  "src/yaml.d.ts": 1767355631.0,
  "src/ConvertSuggester.ts": 1767211372.0,
  "src/stores/bibleBooks.ts": 1777131892.5669188,
  "src/utils/getLanguageFromLocale.ts": 1777225802.200643,
  "src/utils/parseBibleReference.ts": 1776253032.01647,
  "src/utils/buildBookNameRegex.ts": 1776253032.016124,
  "src/utils/padNumber.ts": 1754165727.0,
  "src/utils/signLanguage.ts": 1777131892.5679295,
  "src/utils/convertBibleTextToMarkdownLink.ts": 1767211372.0,
  "src/utils/bibleReferenceRegex.ts": 1776253032.0159347,
  "src/utils/convertBibleReference.ts": 1745002083.0,
  "src/utils/bibleBookExists.ts": 1767211372.0,
  "src/utils/logger.ts": 1772569179.0,
  "src/utils/cleanHtmlText.ts": 1777207397.75006,
  "src/utils/findBook.ts": 1776253032.0162323,
  "src/utils/findJWLibraryLinks.ts": 1776639443.5602996,
  "src/utils/getLocaleFromLanguage.ts": 1777226037.8366408,
  "src/utils/formatJWLibraryLink.ts": 1767211372.0,
  "src/utils/convertPublicationReference.ts": 1760732708.0,
  "src/utils/linkUnlinkedBibleReferences.ts": 1776639443.5609627,
  "src/utils/formatBibleText.ts": 1768833249.0,
  "src/utils/convertLinks.ts": 1767109626.0,
  "src/utils/insertBibleQuotes.ts": 1777131892.5677426,
  "src/__tests__/convertLinks.test.ts": 1767355631.0,
  "src/__tests__/parseBibleReference.test.ts": 1777130590.7699685,
  "src/__tests__/findBook.test.ts": 1777212636.8718543,
  "src/__tests__/convertBibleReference.test.ts": 1767213022.0,
  "src/__tests__/languageValidation.test.ts": 1777224842.9246714,
  "src/__tests__/buildBookNameRegex.test.ts": 1776253032.015335,
  "src/__tests__/localeValidation.test.ts": 1777210864.103075,
  "src/__tests__/linkUnlinkedBibleReferences.test.ts": 1776253032.0157187,
  "src/__tests__/formatBibleText.test.ts": 1768833249.0,
  "src/__tests__/convertBibleTextToMarkdownLink.test.ts": 1767355631.0,
  "src/__tests__/signLanguage.test.ts": 1777131892.5637283,
  "src/__tests__/bibleReferenceRegex.test.ts": 1776253032.0152645,
  "src/__tests__/getLocaleFromLanguage.test.ts": 1777226129.0765612,
  "src/__tests__/BibleTextFetcher.test.ts": 1777212440.511154,
  "src/__tests__/cleanHtmlText.test.ts": 1777207397.7483406,
  "src/__tests__/formatJWLibraryLink.test.ts": 1767213022.0,
  "src/__tests__/convertPublicationReference.test.ts": 1767213022.0,
  "src/__tests__/insertBibleQuotes.test.ts": 1777212588.9130795,
  "src/__tests__/offlineBibleCitation.test.ts": 1777228338.9193213,
  "src/__tests__/findJWLibraryLinks.test.ts": 1775933160.9536748,
  "src/__tests__/__mocks__/obsidian.ts": 1776639443.558007,
  "src/__tests__/__mocks__/electron.ts": 1776639443.557719,
  "src/__tests__/__mocks__/plugin.ts": 1777131896.1386278,
  "src/__tests__/__mocks__/locale-all.ts": 1775933160.953144,
  "src/__tests__/__helpers__/initializeBibleBooksForTests.ts": 1777207397.7476537,
  "src/__tests__/__helpers__/createSettings.ts": 1767355631.0,
  "src/consts/languages.ts": 1777224860.7639475,
  "src/consts/chapterCounts.ts": 1767211372.0,
  "src/services/BibleEpubImportService.ts": 1777228322.3232946,
  "src/services/OnlineBibleCitationProvider.ts": 1776639443.5593581,
  "src/services/TranslationService.ts": 1777227125.6700103,
  "src/services/OfflineBibleCitationProvider.ts": 1777130590.7725468,
  "src/services/PluginDataPathService.ts": 1776680976.0816393,
  "src/services/BibleTextFetcher.ts": 1777226278.7867513,
  "src/services/FileSystemOfflineBibleRepository.ts": 1776680976.081385,
  "src/services/ConfiguredBibleCitationProvider.ts": 1776639443.558845,
  "CHANGELOG.md": 1776680976.0803876,
  "README.md": 1777209757.3736951,
  "CONTRIBUTING.md": 1770745715.0,
  "DEVELOPMENT.md": 1772569167.0,
  "CLAUDE.md": 1775574609.482347
}